Round Number,Date,Stadium,Home Team,Away Team,Result,Location
1,2020-09-12 12:30:00,Craven Cottage,Fulham,Arsenal,0 - 3,Stevenage Rd Fulham
1,2020-09-12 15:00:00,Turf Moor,Burnley,Man Utd,Harry Potts Way Burnley
1,2020-09-12 15:00:00,Etihad Stadium,Man City,Aston Villa,Ashton New Rd Manchester
1,2020-09-12 15:00:00,Selhurst Park,Crystal Palace,Southampton,0 - 0,Selhurst London
1,2020-09-12 17:30:00,Anfield,Liverpool,Leeds,3-Apr,Anfield Rd Liverpool
1,2020-09-12 20:00:00,London Stadium,West Ham,Newcastle,0 - 2,Queen Elizabeth Olympic Park
1,2020-09-13 14:00:00,The Hawthorns,West Brom,Leicester,0 - 3,Birmingham Rd West Bromwich
1,2020-09-13 16:30:00,Tottenham Hotspur Stadium,Spurs,Everton,0 - 1,High Rd London
1,2020-09-14 18:00:00,Bramall Lane,Sheffield Utd,Wolves,0 - 2,Bramall Ln Sheffield
1,2020-09-14 20:15:00,Amex Stadium,Brighton,Chelsea,3-Jan,Village Way Brighton
2,2020-09-19 12:30:00,Goodison Park,Everton,West Brom,2-May,Goodison Rd Liverpool
2,2020-09-19 15:00:00,Elland Road,Leeds,Fulham,3-Apr,Elland Rd Leeds
2,2020-09-19 17:30:00,Old Trafford,Man Utd,Crystal Palace,3-Jan,Sir Matt Busby Way Manchester
2,2020-09-19 20:00:00,Emirates Stadium,Arsenal,West Ham,1-Feb,Hornsey Rd London
2,2020-09-20 12:00:00,St. Mary's Stadium,Southampton,Spurs,5-Feb,Britannia Rd Southampton
2,2020-09-20 14:00:00,St. James' Park,Newcastle,Brighton,0 - 3,Barrack Rd Newcastle
2,2020-09-20 16:30:00,Stamford Bridge,Chelsea,Liverpool,0 - 2,Fulham Rd London
2,2020-09-20 19:00:00,King Power Stadium,Leicester,Burnley,2-Apr,Filbert Way Leicester
2,2020-09-21 18:00:00,Villa Park,Aston Villa,Sheffield Utd,Jan-00,Trinity Rd Birmingham
2,2020-09-21 20:15:00,Molineux Stadium,Wolves,Man City,3-Jan,Waterloo Rd Wolverhampton
3,2020-09-26 12:30:00,Amex Stadium,Brighton,Man Utd,3-Feb,Village Way Brighton
3,2020-09-26 15:00:00,Selhurst Park,Crystal Palace,Everton,2-Jan,Selhurst London
3,2020-09-26 17:30:00,The Hawthorns,West Brom,Chelsea,3-Mar,Birmingham Rd West Bromwich
3,2020-09-26 20:00:00,Turf Moor,Burnley,Southampton,0 - 1,Harry Potts Way Burnley
3,2020-09-27 12:00:00,Bramall Lane,Sheffield Utd,Leeds,0 - 1,Bramall Ln Sheffield
3,2020-09-27 14:00:00,Tottenham Hotspur Stadium,Spurs,Newcastle,1-Jan,High Rd London
3,2020-09-27 16:30:00,Etihad Stadium,Man City,Leicester,5-Feb,Ashton New Rd Manchester
3,2020-09-27 19:00:00,London Stadium,West Ham,Wolves,Apr-00,Queen Elizabeth Olympic Park
3,2020-09-28 17:45:00,Craven Cottage,Fulham,Aston Villa,0 - 3,Stevenage Rd Fulham
3,2020-09-28 20:00:00,Anfield,Liverpool,Arsenal,1-Mar,Anfield Rd Liverpool
4,2020-10-03 12:30:00,Stamford Bridge,Chelsea,Crystal Palace,Apr-00,Fulham Rd London
4,2020-10-03 15:00:00,Goodison Park,Everton,Brighton,2-Apr,Goodison Rd Liverpool
4,2020-10-03 17:30:00,Elland Road,Leeds,Man City,1-Jan,Elland Rd Leeds
4,2020-10-03 20:00:00,St. James' Park,Newcastle,Burnley,1-Mar,Barrack Rd Newcastle
4,2020-10-04 12:00:00,King Power Stadium,Leicester,West Ham,0 - 3,Filbert Way Leicester
4,2020-10-04 12:00:00,St. Mary's Stadium,Southampton,West Brom,Feb-00,Britannia Rd Southampton
4,2020-10-04 14:00:00,Emirates Stadium,Arsenal,Sheffield Utd,1-Feb,Hornsey Rd London
4,2020-10-04 14:00:00,Molineux Stadium,Wolves,Fulham,Jan-00,Waterloo Rd Wolverhampton
4,2020-10-04 16:30:00,Old Trafford,Man Utd,Spurs,6-Jan,Sir Matt Busby Way Manchester
4,2020-10-04 19:15:00,Villa Park,Aston Villa,Liverpool,2-Jul,Trinity Rd Birmingham
5,2020-10-17 12:30:00,Goodison Park,Everton,Liverpool,2-Feb,Goodison Rd Liverpool
5,2020-10-17 15:00:00,Stamford Bridge,Chelsea,Southampton,3-Mar,Fulham Rd London
5,2020-10-17 17:30:00,Etihad Stadium,Man City,Arsenal,Jan-00,Ashton New Rd Manchester
5,2020-10-17 20:00:00,St. James' Park,Newcastle,Man Utd,4-Jan,Barrack Rd Newcastle
5,2020-10-18 12:00:00,Bramall Lane,Sheffield Utd,Fulham,1-Jan,Bramall Ln Sheffield
5,2020-10-18 14:00:00,Selhurst Park,Crystal Palace,Brighton,1-Jan,Selhurst London
5,2020-10-18 16:30:00,Tottenham Hotspur Stadium,Spurs,West Ham,3-Mar,High Rd London
5,2020-10-18 19:15:00,King Power Stadium,Leicester,Aston Villa,0 - 1,Filbert Way Leicester
5,2020-10-19 17:30:00,The Hawthorns,West Brom,Burnley,0 - 0,Birmingham Rd West Bromwich
5,2020-10-19 20:00:00,Elland Road,Leeds,Wolves,0 - 1,Elland Rd Leeds
6,2020-10-23 20:00:00,Villa Park,Aston Villa,Leeds,0 - 3,Trinity Rd Birmingham
6,2020-10-24 12:30:00,London Stadium,West Ham,Man City,1-Jan,Queen Elizabeth Olympic Park
6,2020-10-24 15:00:00,Craven Cottage,Fulham,Crystal Palace,2-Jan,Stevenage Rd Fulham
6,2020-10-24 17:30:00,Old Trafford,Man Utd,Chelsea,0 - 0,Sir Matt Busby Way Manchester
6,2020-10-24 20:00:00,Anfield,Liverpool,Sheffield Utd,1-Feb,Anfield Rd Liverpool
6,2020-10-25 14:00:00,St. Mary's Stadium,Southampton,Everton,Feb-00,Britannia Rd Southampton
6,2020-10-25 16:30:00,Molineux Stadium,Wolves,Newcastle,1-Jan,Waterloo Rd Wolverhampton
6,2020-10-25 19:15:00,Emirates Stadium,Arsenal,Leicester,0 - 1,Hornsey Rd London
6,2020-10-26 17:30:00,Amex Stadium,Brighton,West Brom,1-Jan,Village Way Brighton
6,2020-10-26 20:00:00,Turf Moor,Burnley,Spurs,0 - 1,Harry Potts Way Burnley
7,2020-10-30 20:00:00,Molineux Stadium,Wolves,Crystal Palace,Feb-00,Waterloo Rd Wolverhampton
7,2020-10-31 12:30:00,Bramall Lane,Sheffield Utd,Man City,0 - 1,Bramall Ln Sheffield
7,2020-10-31 15:00:00,Turf Moor,Burnley,Chelsea,0 - 3,Harry Potts Way Burnley
7,2020-10-31 17:30:00,Anfield,Liverpool,West Ham,1-Feb,Anfield Rd Liverpool
7,2020-11-01 12:00:00,Villa Park,Aston Villa,Southampton,4-Mar,Trinity Rd Birmingham
7,2020-11-01 14:00:00,St. James' Park,Newcastle,Everton,1-Feb,Barrack Rd Newcastle
7,2020-11-01 16:30:00,Old Trafford,Man Utd,Arsenal,0 - 1,Sir Matt Busby Way Manchester
7,2020-11-01 19:15:00,Tottenham Hotspur Stadium,Spurs,Brighton,1-Feb,High Rd London
7,2020-11-02 17:30:00,Craven Cottage,Fulham,West Brom,Feb-00,Stevenage Rd Fulham
7,2020-11-02 20:00:00,Elland Road,Leeds,Leicester,4-Jan,Elland Rd Leeds
8,2020-11-06 17:30:00,Amex Stadium,Brighton,Burnley,0 - 0,Village Way Brighton
8,2020-11-06 20:00:00,St. Mary's Stadium,Southampton,Newcastle,Feb-00,Britannia Rd Southampton
8,2020-11-07 12:30:00,Goodison Park,Everton,Man Utd,3-Jan,Goodison Rd Liverpool
8,2020-11-07 15:00:00,Selhurst Park,Crystal Palace,Leeds,1-Apr,Selhurst London
8,2020-11-07 17:30:00,Stamford Bridge,Chelsea,Sheffield Utd,1-Apr,Fulham Rd London
8,2020-11-07 20:00:00,London Stadium,West Ham,Fulham,Jan-00,Queen Elizabeth Olympic Park
8,2020-11-08 12:00:00,The Hawthorns,West Brom,Spurs,0 - 1,Birmingham Rd West Bromwich
8,2020-11-08 14:00:00,King Power Stadium,Leicester,Wolves,Jan-00,Filbert Way Leicester
8,2020-11-08 16:30:00,Etihad Stadium,Man City,Liverpool,1-Jan,Ashton New Rd Manchester
8,2020-11-08 19:15:00,Emirates Stadium,Arsenal,Aston Villa,0 - 3,Hornsey Rd London
9,2020-11-21 12:30:00,St. James' Park,Newcastle,Chelsea,0 - 2,Barrack Rd Newcastle
9,2020-11-21 15:00:00,Villa Park,Aston Villa,Brighton,2-Jan,Trinity Rd Birmingham
9,2020-11-21 17:30:00,Tottenham Hotspur Stadium,Spurs,Man City,Feb-00,High Rd London
9,2020-11-21 20:00:00,Old Trafford,Man Utd,West Brom,Jan-00,Sir Matt Busby Way Manchester
9,2020-11-22 12:00:00,Craven Cottage,Fulham,Everton,3-Feb,Stevenage Rd Fulham
9,2020-11-22 14:00:00,Bramall Lane,Sheffield Utd,West Ham,0 - 1,Bramall Ln Sheffield
9,2020-11-22 16:30:00,Elland Road,Leeds,Arsenal,0 - 0,Elland Rd Leeds
9,2020-11-22 19:15:00,Anfield,Liverpool,Leicester,Mar-00,Anfield Rd Liverpool
9,2020-11-23 17:30:00,Turf Moor,Burnley,Crystal Palace,Jan-00,Harry Potts Way Burnley
9,2020-11-23 20:00:00,Molineux Stadium,Wolves,Southampton,1-Jan,Waterloo Rd Wolverhampton
10,2020-11-27 20:00:00,Selhurst Park,Crystal Palace,Newcastle,0 - 2,Selhurst London
10,2020-11-28 12:30:00,Amex Stadium,Brighton,Liverpool,1-Jan,Village Way Brighton
10,2020-11-28 15:00:00,Etihad Stadium,Man City,Burnley,May-00,Ashton New Rd Manchester
10,2020-11-28 17:30:00,Goodison Park,Everton,Leeds,0 - 1,Goodison Rd Liverpool
10,2020-11-28 20:00:00,The Hawthorns,West Brom,Sheffield Utd,Jan-00,Birmingham Rd West Bromwich
10,2020-11-29 14:00:00,St. Mary's Stadium,Southampton,Man Utd,3-Feb,Britannia Rd Southampton
10,2020-11-29 16:30:00,Stamford Bridge,Chelsea,Spurs,0 - 0,Fulham Rd London
10,2020-11-29 19:15:00,Emirates Stadium,Arsenal,Wolves,2-Jan,Hornsey Rd London
10,2020-11-30 17:30:00,King Power Stadium,Leicester,Fulham,2-Jan,Filbert Way Leicester
10,2020-11-30 20:00:00,London Stadium,West Ham,Aston Villa,1-Feb,Queen Elizabeth Olympic Park
11,2020-12-04 20:00:00,Villa Park,Aston Villa,Newcastle,Trinity Rd Birmingham
11,2020-12-05 12:30:00,Turf Moor,Burnley,Everton,1-Jan,Harry Potts Way Burnley
11,2020-12-05 15:00:00,Etihad Stadium,Man City,Fulham,Feb-00,Ashton New Rd Manchester
11,2020-12-05 17:30:00,London Stadium,West Ham,Man Utd,3-Jan,Queen Elizabeth Olympic Park
11,2020-12-05 20:00:00,Stamford Bridge,Chelsea,Leeds,1-Mar,Fulham Rd London
11,2020-12-06 12:00:00,The Hawthorns,West Brom,Crystal Palace,5-Jan,Birmingham Rd West Bromwich
11,2020-12-06 14:15:00,Bramall Lane,Sheffield Utd,Leicester,2-Jan,Bramall Ln Sheffield
11,2020-12-06 16:30:00,Tottenham Hotspur Stadium,Spurs,Arsenal,Feb-00,High Rd London
11,2020-12-06 19:15:00,Anfield,Liverpool,Wolves,Apr-00,Anfield Rd Liverpool
11,2020-12-07 20:00:00,Amex Stadium,Brighton,Southampton,2-Jan,Village Way Brighton
12,2020-12-11 20:00:00,Elland Road,Leeds,West Ham,2-Jan,Elland Rd Leeds
12,2020-12-12 12:30:00,Molineux Stadium,Wolves,Aston Villa,0 - 1,Waterloo Rd Wolverhampton
12,2020-12-12 15:00:00,St. James' Park,Newcastle,West Brom,1-Feb,Barrack Rd Newcastle
12,2020-12-12 17:30:00,Old Trafford,Man Utd,Man City,0 - 0,Sir Matt Busby Way Manchester
12,2020-12-12 20:00:00,Goodison Park,Everton,Chelsea,Jan-00,Goodison Rd Liverpool
12,2020-12-13 12:00:00,St. Mary's Stadium,Southampton,Sheffield Utd,Mar-00,Britannia Rd Southampton
12,2020-12-13 14:15:00,Selhurst Park,Crystal Palace,Spurs,1-Jan,Selhurst London
12,2020-12-13 16:30:00,Craven Cottage,Fulham,Liverpool,1-Jan,Stevenage Rd Fulham
12,2020-12-13 19:15:00,Emirates Stadium,Arsenal,Burnley,0 - 1,Hornsey Rd London
12,2020-12-13 19:15:00,King Power Stadium,Leicester,Brighton,Mar-00,Filbert Way Leicester
13,2020-12-15 18:00:00,Molineux Stadium,Wolves,Chelsea,1-Feb,Waterloo Rd Wolverhampton
13,2020-12-15 20:00:00,Etihad Stadium,Man City,West Brom,1-Jan,Ashton New Rd Manchester
13,2020-12-16 18:00:00,Emirates Stadium,Arsenal,Southampton,1-Jan,Hornsey Rd London
13,2020-12-16 18:00:00,Elland Road,Leeds,Newcastle,2-May,Elland Rd Leeds
13,2020-12-16 18:00:00,King Power Stadium,Leicester,Everton,0 - 2,Filbert Way Leicester
13,2020-12-16 20:00:00,Craven Cottage,Fulham,Brighton,0 - 0,Stevenage Rd Fulham
13,2020-12-16 20:00:00,London Stadium,West Ham,Crystal Palace,1-Jan,Queen Elizabeth Olympic Park
13,2020-12-16 20:00:00,Anfield,Liverpool,Spurs,1-Feb,Anfield Rd Liverpool
13,2020-12-17 18:00:00,Villa Park,Aston Villa,Burnley,0 - 0,Trinity Rd Birmingham
13,2020-12-17 20:00:00,Bramall Lane,Sheffield Utd,Man Utd,3-Feb,Bramall Ln Sheffield
14,2020-12-19 12:30:00,Selhurst Park,Crystal Palace,Liverpool,0 - 7,Selhurst London
14,2020-12-19 15:00:00,St. Mary's Stadium,Southampton,Man City,0 - 1,Britannia Rd Southampton
14,2020-12-19 17:30:00,Goodison Park,Everton,Arsenal,1-Feb,Goodison Rd Liverpool
14,2020-12-19 20:00:00,St. James' Park,Newcastle,Fulham,1-Jan,Barrack Rd Newcastle
14,2020-12-20 12:00:00,Amex Stadium,Brighton,Sheffield Utd,1-Jan,Village Way Brighton
14,2020-12-20 14:15:00,Tottenham Hotspur Stadium,Spurs,Leicester,0 - 2,High Rd London
14,2020-12-20 16:30:00,Old Trafford,Man Utd,Leeds,2-Jun,Sir Matt Busby Way Manchester
14,2020-12-20 19:15:00,The Hawthorns,West Brom,Aston Villa,0 - 3,Birmingham Rd West Bromwich
14,2020-12-21 17:30:00,Turf Moor,Burnley,Wolves,1-Feb,Harry Potts Way Burnley
14,2020-12-21 20:00:00,Stamford Bridge,Chelsea,West Ham,Mar-00,Fulham Rd London
15,2020-12-26 12:30:00,King Power Stadium,Leicester,Man Utd,2-Feb,Filbert Way Leicester
15,2020-12-26 15:00:00,Villa Park,Aston Villa,Crystal Palace,Mar-00,Trinity Rd Birmingham
15,2020-12-26 15:00:00,Craven Cottage,Fulham,Southampton,0 - 0,Stevenage Rd Fulham
15,2020-12-26 17:30:00,Emirates Stadium,Arsenal,Chelsea,1-Mar,Hornsey Rd London
15,2020-12-26 20:00:00,Etihad Stadium,Man City,Newcastle,Feb-00,Ashton New Rd Manchester
15,2020-12-26 20:00:00,Bramall Lane,Sheffield Utd,Everton,0 - 1,Bramall Ln Sheffield
15,2020-12-27 12:00:00,Elland Road,Leeds,Burnley,Jan-00,Elland Rd Leeds
15,2020-12-27 14:15:00,London Stadium,West Ham,Brighton,2-Feb,Queen Elizabeth Olympic Park
15,2020-12-27 16:30:00,Anfield,Liverpool,West Brom,1-Jan,Anfield Rd Liverpool
15,2020-12-27 19:15:00,Molineux Stadium,Wolves,Spurs,1-Jan,Waterloo Rd Wolverhampton
16,2020-12-28 15:00:00,Selhurst Park,Crystal Palace,Leicester,Selhurst London
16,2020-12-28 17:30:00,Stamford Bridge,Chelsea,Aston Villa,Fulham Rd London
16,2020-12-28 20:00:00,Goodison Park,Everton,Man City,Goodison Rd Liverpool
16,2020-12-29 18:00:00,Amex Stadium,Brighton,Arsenal,Village Way Brighton
16,2020-12-29 18:00:00,Turf Moor,Burnley,Sheffield Utd,Harry Potts Way Burnley
16,2020-12-29 18:00:00,St. Mary's Stadium,Southampton,West Ham,Britannia Rd Southampton
16,2020-12-29 18:00:00,The Hawthorns,West Brom,Leeds,Birmingham Rd West Bromwich
16,2020-12-29 20:00:00,Old Trafford,Man Utd,Wolves,Sir Matt Busby Way Manchester
16,2020-12-30 18:00:00,Tottenham Hotspur Stadium,Spurs,Fulham,High Rd London
16,2020-12-30 20:00:00,St. James' Park,Newcastle,Liverpool,Barrack Rd Newcastle
17,2021-01-01 17:30:00,Goodison Park,Everton,West Ham,Goodison Rd Liverpool
17,2021-01-01 20:00:00,Old Trafford,Man Utd,Aston Villa,Sir Matt Busby Way Manchester
17,2021-01-02 12:30:00,Tottenham Hotspur Stadium,Spurs,Leeds,High Rd London
17,2021-01-02 15:00:00,Selhurst Park,Crystal Palace,Sheffield Utd,Selhurst London
17,2021-01-02 17:30:00,Amex Stadium,Brighton,Wolves,Village Way Brighton
17,2021-01-02 20:00:00,The Hawthorns,West Brom,Arsenal,Birmingham Rd West Bromwich
17,2021-01-03 12:00:00,Turf Moor,Burnley,Fulham,Harry Potts Way Burnley
17,2021-01-03 14:15:00,St. James' Park,Newcastle,Leicester,Barrack Rd Newcastle
17,2021-01-03 16:30:00,Stamford Bridge,Chelsea,Man City,Fulham Rd London
17,2021-01-04 20:00:00,St. Mary's Stadium,Southampton,Liverpool,Britannia Rd Southampton
18,2021-01-12 18:00:00,Bramall Lane,Sheffield Utd,Newcastle,Bramall Ln Sheffield
18,2021-01-12 20:15:00,Molineux Stadium,Wolves,Everton,Waterloo Rd Wolverhampton
18,2021-01-13 18:00:00,Etihad Stadium,Man City,Brighton,Ashton New Rd Manchester
18,2021-01-13 20:15:00,Villa Park,Aston Villa,Spurs,Trinity Rd Birmingham
18,2021-01-14 20:00:00,Emirates Stadium,Arsenal,Crystal Palace,Hornsey Rd London
19,2021-01-15 20:00:00,Craven Cottage,Fulham,Chelsea,Stevenage Rd Fulham
19,2021-01-16 12:30:00,Molineux Stadium,Wolves,West Brom,Waterloo Rd Wolverhampton
19,2021-01-16 15:00:00,Elland Road,Leeds,Brighton,Elland Rd Leeds
19,2021-01-16 15:00:00,London Stadium,West Ham,Burnley,Queen Elizabeth Olympic Park
19,2021-01-16 17:30:00,Villa Park,Aston Villa,Everton,Trinity Rd Birmingham
19,2021-01-16 20:00:00,King Power Stadium,Leicester,Southampton,Filbert Way Leicester
19,2021-01-17 14:00:00,Bramall Lane,Sheffield Utd,Spurs,Bramall Ln Sheffield
19,2021-01-17 16:30:00,Anfield,Liverpool,Man Utd,Anfield Rd Liverpool
19,2021-01-17 19:15:00,Etihad Stadium,Man City,Crystal Palace,Ashton New Rd Manchester
19,2021-01-18 20:00:00,Emirates Stadium,Arsenal,Newcastle,Hornsey Rd London
18,2021-01-19 18:00:00,London Stadium,West Ham,West Brom,Queen Elizabeth Olympic Park
18,2021-01-19 20:15:00,King Power Stadium,Leicester,Chelsea,Filbert Way Leicester
18,2021-01-20 18:00:00,Elland Road,Leeds,Southampton,Elland Rd Leeds
18,2021-01-20 20:15:00,Craven Cottage,Fulham,Man Utd,Stevenage Rd Fulham
18,2021-01-21 20:00:00,Anfield,Liverpool,Burnley,Anfield Rd Liverpool
20,2021-01-26 18:00:00,Amex Stadium,Brighton,Fulham,Village Way Brighton
20,2021-01-26 18:00:00,St. James' Park,Newcastle,Leeds,Barrack Rd Newcastle
20,2021-01-26 20:15:00,The Hawthorns,West Brom,Man City,Birmingham Rd West Bromwich
20,2021-01-26 20:15:00,St. Mary's Stadium,Southampton,Arsenal,Britannia Rd Southampton
20,2021-01-27 18:00:00,Turf Moor,Burnley,Aston Villa,Harry Potts Way Burnley
20,2021-01-27 18:00:00,Stamford Bridge,Chelsea,Wolves,Fulham Rd London
20,2021-01-27 19:30:00,Selhurst Park,Crystal Palace,West Ham,Selhurst London
20,2021-01-27 20:15:00,Goodison Park,Everton,Leicester,Goodison Rd Liverpool
20,2021-01-27 20:15:00,Old Trafford,Man Utd,Sheffield Utd,Sir Matt Busby Way Manchester
20,2021-01-28 20:00:00,Tottenham Hotspur Stadium,Spurs,Liverpool,High Rd London
21,2021-01-30 12:30:00,Goodison Park,Everton,Newcastle,Goodison Rd Liverpool
21,2021-01-30 15:00:00,Stamford Bridge,Chelsea,Burnley,Fulham Rd London
21,2021-01-30 15:00:00,Selhurst Park,Crystal Palace,Wolves,Selhurst London
21,2021-01-30 15:00:00,Etihad Stadium,Man City,Sheffield Utd,Ashton New Rd Manchester
21,2021-01-30 15:00:00,The Hawthorns,West Brom,Fulham,Birmingham Rd West Bromwich
21,2021-01-30 17:30:00,Emirates Stadium,Arsenal,Man Utd,Hornsey Rd London
21,2021-01-30 20:00:00,St. Mary's Stadium,Southampton,Aston Villa,Britannia Rd Southampton
21,2021-01-31 14:00:00,Amex Stadium,Brighton,Spurs,Village Way Brighton
21,2021-01-31 14:00:00,King Power Stadium,Leicester,Leeds,Filbert Way Leicester
21,2021-01-31 16:30:00,London Stadium,West Ham,Liverpool,Queen Elizabeth Olympic Park
22,2021-02-02 19:45:00,Villa Park,Aston Villa,West Ham,Trinity Rd Birmingham
22,2021-02-02 19:45:00,Turf Moor,Burnley,Man City,Harry Potts Way Burnley
22,2021-02-02 19:45:00,Craven Cottage,Fulham,Leicester,Stevenage Rd Fulham
22,2021-02-02 19:45:00,Elland Road,Leeds,Everton,Elland Rd Leeds
22,2021-02-02 19:45:00,Bramall Lane,Sheffield Utd,West Brom,Bramall Ln Sheffield
22,2021-02-02 19:45:00,Molineux Stadium,Wolves,Arsenal,Waterloo Rd Wolverhampton
22,2021-02-02 20:00:00,Old Trafford,Man Utd,Southampton,Sir Matt Busby Way Manchester
22,2021-02-02 20:00:00,St. James' Park,Newcastle,Crystal Palace,Barrack Rd Newcastle
22,2021-02-03 19:45:00,Tottenham Hotspur Stadium,Spurs,Chelsea,High Rd London
22,2021-02-03 20:00:00,Anfield,Liverpool,Brighton,Anfield Rd Liverpool
23,2021-02-06 15:00:00,Villa Park,Aston Villa,Arsenal,Trinity Rd Birmingham
23,2021-02-06 15:00:00,Turf Moor,Burnley,Brighton,Harry Potts Way Burnley
23,2021-02-06 15:00:00,Craven Cottage,Fulham,West Ham,Stevenage Rd Fulham
23,2021-02-06 15:00:00,Elland Road,Leeds,Crystal Palace,Elland Rd Leeds
23,2021-02-06 15:00:00,Anfield,Liverpool,Man City,Anfield Rd Liverpool
23,2021-02-06 15:00:00,Old Trafford,Man Utd,Everton,Sir Matt Busby Way Manchester
23,2021-02-06 15:00:00,St. James' Park,Newcastle,Southampton,Barrack Rd Newcastle
23,2021-02-06 15:00:00,Bramall Lane,Sheffield Utd,Chelsea,Bramall Ln Sheffield
23,2021-02-06 15:00:00,Tottenham Hotspur Stadium,Spurs,West Brom,High Rd London
23,2021-02-06 15:00:00,Molineux Stadium,Wolves,Leicester,Waterloo Rd Wolverhampton
24,2021-02-13 15:00:00,Emirates Stadium,Arsenal,Leeds,Hornsey Rd London
24,2021-02-13 15:00:00,Amex Stadium,Brighton,Aston Villa,Village Way Brighton
24,2021-02-13 15:00:00,Stamford Bridge,Chelsea,Newcastle,Fulham Rd London
24,2021-02-13 15:00:00,Selhurst Park,Crystal Palace,Burnley,Selhurst London
24,2021-02-13 15:00:00,Goodison Park,Everton,Fulham,Goodison Rd Liverpool
24,2021-02-13 15:00:00,King Power Stadium,Leicester,Liverpool,Filbert Way Leicester
24,2021-02-13 15:00:00,Etihad Stadium,Man City,Spurs,Ashton New Rd Manchester
24,2021-02-13 15:00:00,St. Mary's Stadium,Southampton,Wolves,Britannia Rd Southampton
24,2021-02-13 15:00:00,The Hawthorns,West Brom,Man Utd,Birmingham Rd West Bromwich
24,2021-02-13 15:00:00,London Stadium,West Ham,Sheffield Utd,Queen Elizabeth Olympic Park
25,2021-02-20 15:00:00,Emirates Stadium,Arsenal,Man City,Hornsey Rd London
25,2021-02-20 15:00:00,Villa Park,Aston Villa,Leicester,Trinity Rd Birmingham
25,2021-02-20 15:00:00,Amex Stadium,Brighton,Crystal Palace,Village Way Brighton
25,2021-02-20 15:00:00,Turf Moor,Burnley,West Brom,Harry Potts Way Burnley
25,2021-02-20 15:00:00,Craven Cottage,Fulham,Sheffield Utd,Stevenage Rd Fulham
25,2021-02-20 15:00:00,Anfield,Liverpool,Everton,Anfield Rd Liverpool
25,2021-02-20 15:00:00,Old Trafford,Man Utd,Newcastle,Sir Matt Busby Way Manchester
25,2021-02-20 15:00:00,St. Mary's Stadium,Southampton,Chelsea,Britannia Rd Southampton
25,2021-02-20 15:00:00,London Stadium,West Ham,Spurs,Queen Elizabeth Olympic Park
25,2021-02-20 15:00:00,Molineux Stadium,Wolves,Leeds,Waterloo Rd Wolverhampton
26,2021-02-27 15:00:00,Stamford Bridge,Chelsea,Man Utd,Fulham Rd London
26,2021-02-27 15:00:00,Selhurst Park,Crystal Palace,Fulham,Selhurst London
26,2021-02-27 15:00:00,Goodison Park,Everton,Southampton,Goodison Rd Liverpool
26,2021-02-27 15:00:00,Elland Road,Leeds,Aston Villa,Elland Rd Leeds
26,2021-02-27 15:00:00,King Power Stadium,Leicester,Arsenal,Filbert Way Leicester
26,2021-02-27 15:00:00,Etihad Stadium,Man City,West Ham,Ashton New Rd Manchester
26,2021-02-27 15:00:00,St. James' Park,Newcastle,Wolves,Barrack Rd Newcastle
26,2021-02-27 15:00:00,Bramall Lane,Sheffield Utd,Liverpool,Bramall Ln Sheffield
26,2021-02-27 15:00:00,Tottenham Hotspur Stadium,Spurs,Burnley,High Rd London
26,2021-02-27 15:00:00,The Hawthorns,West Brom,Brighton,Birmingham Rd West Bromwich
27,2021-03-06 15:00:00,Villa Park,Aston Villa,Wolves,Trinity Rd Birmingham
27,2021-03-06 15:00:00,Amex Stadium,Brighton,Leicester,Village Way Brighton
27,2021-03-06 15:00:00,Turf Moor,Burnley,Arsenal,Harry Potts Way Burnley
27,2021-03-06 15:00:00,Stamford Bridge,Chelsea,Everton,Fulham Rd London
27,2021-03-06 15:00:00,Anfield,Liverpool,Fulham,Anfield Rd Liverpool
27,2021-03-06 15:00:00,Etihad Stadium,Man City,Man Utd,Ashton New Rd Manchester
27,2021-03-06 15:00:00,Bramall Lane,Sheffield Utd,Southampton,Bramall Ln Sheffield
27,2021-03-06 15:00:00,Tottenham Hotspur Stadium,Spurs,Crystal Palace,High Rd London
27,2021-03-06 15:00:00,The Hawthorns,West Brom,Newcastle,Birmingham Rd West Bromwich
27,2021-03-06 15:00:00,London Stadium,West Ham,Leeds,Queen Elizabeth Olympic Park
28,2021-03-13 15:00:00,Emirates Stadium,Arsenal,Spurs,Hornsey Rd London
28,2021-03-13 15:00:00,Selhurst Park,Crystal Palace,West Brom,Selhurst London
28,2021-03-13 15:00:00,Goodison Park,Everton,Burnley,Goodison Rd Liverpool
28,2021-03-13 15:00:00,Craven Cottage,Fulham,Man City,Stevenage Rd Fulham
28,2021-03-13 15:00:00,Elland Road,Leeds,Chelsea,Elland Rd Leeds
28,2021-03-13 15:00:00,King Power Stadium,Leicester,Sheffield Utd,Filbert Way Leicester
28,2021-03-13 15:00:00,Old Trafford,Man Utd,West Ham,Sir Matt Busby Way Manchester
28,2021-03-13 15:00:00,St. James' Park,Newcastle,Aston Villa,Barrack Rd Newcastle
28,2021-03-13 15:00:00,St. Mary's Stadium,Southampton,Brighton,Britannia Rd Southampton
28,2021-03-13 15:00:00,Molineux Stadium,Wolves,Liverpool,Waterloo Rd Wolverhampton
29,2021-03-20 15:00:00,Amex Stadium,Brighton,Newcastle,Village Way Brighton
29,2021-03-20 15:00:00,Turf Moor,Burnley,Leicester,Harry Potts Way Burnley
29,2021-03-20 15:00:00,Selhurst Park,Crystal Palace,Man Utd,Selhurst London
29,2021-03-20 15:00:00,Craven Cottage,Fulham,Leeds,Stevenage Rd Fulham
29,2021-03-20 15:00:00,Anfield,Liverpool,Chelsea,Anfield Rd Liverpool
29,2021-03-20 15:00:00,Etihad Stadium,Man City,Wolves,Ashton New Rd Manchester
29,2021-03-20 15:00:00,Bramall Lane,Sheffield Utd,Aston Villa,Bramall Ln Sheffield
29,2021-03-20 15:00:00,Tottenham Hotspur Stadium,Spurs,Southampton,High Rd London
29,2021-03-20 15:00:00,The Hawthorns,West Brom,Everton,Birmingham Rd West Bromwich
29,2021-03-20 15:00:00,London Stadium,West Ham,Arsenal,Queen Elizabeth Olympic Park
30,2021-04-03 15:00:00,Emirates Stadium,Arsenal,Liverpool,Hornsey Rd London
30,2021-04-03 15:00:00,Villa Park,Aston Villa,Fulham,Trinity Rd Birmingham
30,2021-04-03 15:00:00,Stamford Bridge,Chelsea,West Brom,Fulham Rd London
30,2021-04-03 15:00:00,Goodison Park,Everton,Crystal Palace,Goodison Rd Liverpool
30,2021-04-03 15:00:00,Elland Road,Leeds,Sheffield Utd,Elland Rd Leeds
30,2021-04-03 15:00:00,King Power Stadium,Leicester,Man City,Filbert Way Leicester
30,2021-04-03 15:00:00,Old Trafford,Man Utd,Brighton,Sir Matt Busby Way Manchester
30,2021-04-03 15:00:00,St. James' Park,Newcastle,Spurs,Barrack Rd Newcastle
30,2021-04-03 15:00:00,St. Mary's Stadium,Southampton,Burnley,Britannia Rd Southampton
30,2021-04-03 15:00:00,Molineux Stadium,Wolves,West Ham,Waterloo Rd Wolverhampton
31,2021-04-10 15:00:00,Amex Stadium,Brighton,Everton,Village Way Brighton
31,2021-04-10 15:00:00,Turf Moor,Burnley,Newcastle,Harry Potts Way Burnley
31,2021-04-10 15:00:00,Selhurst Park,Crystal Palace,Chelsea,Selhurst London
31,2021-04-10 15:00:00,Craven Cottage,Fulham,Wolves,Stevenage Rd Fulham
31,2021-04-10 15:00:00,Anfield,Liverpool,Aston Villa,Anfield Rd Liverpool
31,2021-04-10 15:00:00,Etihad Stadium,Man City,Leeds,Ashton New Rd Manchester
31,2021-04-10 15:00:00,Bramall Lane,Sheffield Utd,Arsenal,Bramall Ln Sheffield
31,2021-04-10 15:00:00,Tottenham Hotspur Stadium,Spurs,Man Utd,High Rd London
31,2021-04-10 15:00:00,The Hawthorns,West Brom,Southampton,Birmingham Rd West Bromwich
31,2021-04-10 15:00:00,London Stadium,West Ham,Leicester,Queen Elizabeth Olympic Park
32,2021-04-17 15:00:00,Emirates Stadium,Arsenal,Fulham,Hornsey Rd London
32,2021-04-17 15:00:00,Villa Park,Aston Villa,Man City,Trinity Rd Birmingham
32,2021-04-17 15:00:00,Stamford Bridge,Chelsea,Brighton,Fulham Rd London
32,2021-04-17 15:00:00,Goodison Park,Everton,Spurs,Goodison Rd Liverpool
32,2021-04-17 15:00:00,Elland Road,Leeds,Liverpool,Elland Rd Leeds
32,2021-04-17 15:00:00,King Power Stadium,Leicester,West Brom,Filbert Way Leicester
32,2021-04-17 15:00:00,Old Trafford,Man Utd,Burnley,Sir Matt Busby Way Manchester
32,2021-04-17 15:00:00,St. James' Park,Newcastle,West Ham,Barrack Rd Newcastle
32,2021-04-17 15:00:00,St. Mary's Stadium,Southampton,Crystal Palace,Britannia Rd Southampton
32,2021-04-17 15:00:00,Molineux Stadium,Wolves,Sheffield Utd,Waterloo Rd Wolverhampton
33,2021-04-24 15:00:00,Emirates Stadium,Arsenal,Everton,Hornsey Rd London
33,2021-04-24 15:00:00,Villa Park,Aston Villa,West Brom,Trinity Rd Birmingham
33,2021-04-24 15:00:00,Craven Cottage,Fulham,Spurs,Stevenage Rd Fulham
33,2021-04-24 15:00:00,Elland Road,Leeds,Man Utd,Elland Rd Leeds
33,2021-04-24 15:00:00,King Power Stadium,Leicester,Crystal Palace,Filbert Way Leicester
33,2021-04-24 15:00:00,Anfield,Liverpool,Newcastle,Anfield Rd Liverpool
33,2021-04-24 15:00:00,Etihad Stadium,Man City,Southampton,Ashton New Rd Manchester
33,2021-04-24 15:00:00,Bramall Lane,Sheffield Utd,Brighton,Bramall Ln Sheffield
33,2021-04-24 15:00:00,London Stadium,West Ham,Chelsea,Queen Elizabeth Olympic Park
33,2021-04-24 15:00:00,Molineux Stadium,Wolves,Burnley,Waterloo Rd Wolverhampton
34,2021-05-01 15:00:00,Amex Stadium,Brighton,Leeds,Village Way Brighton
34,2021-05-01 15:00:00,Turf Moor,Burnley,West Ham,Harry Potts Way Burnley
34,2021-05-01 15:00:00,Stamford Bridge,Chelsea,Fulham,Fulham Rd London
34,2021-05-01 15:00:00,Selhurst Park,Crystal Palace,Man City,Selhurst London
34,2021-05-01 15:00:00,Goodison Park,Everton,Aston Villa,Goodison Rd Liverpool
34,2021-05-01 15:00:00,Old Trafford,Man Utd,Liverpool,Sir Matt Busby Way Manchester
34,2021-05-01 15:00:00,St. James' Park,Newcastle,Arsenal,Barrack Rd Newcastle
34,2021-05-01 15:00:00,St. Mary's Stadium,Southampton,Leicester,Britannia Rd Southampton
34,2021-05-01 15:00:00,Tottenham Hotspur Stadium,Spurs,Sheffield Utd,High Rd London
34,2021-05-01 15:00:00,The Hawthorns,West Brom,Wolves,Birmingham Rd West Bromwich
35,2021-05-08 15:00:00,Emirates Stadium,Arsenal,West Brom,Hornsey Rd London
35,2021-05-08 15:00:00,Villa Park,Aston Villa,Man Utd,Trinity Rd Birmingham
35,2021-05-08 15:00:00,Craven Cottage,Fulham,Burnley,Stevenage Rd Fulham
35,2021-05-08 15:00:00,Elland Road,Leeds,Spurs,Elland Rd Leeds
35,2021-05-08 15:00:00,King Power Stadium,Leicester,Newcastle,Filbert Way Leicester
35,2021-05-08 15:00:00,Anfield,Liverpool,Southampton,Anfield Rd Liverpool
35,2021-05-08 15:00:00,Etihad Stadium,Man City,Chelsea,Ashton New Rd Manchester
35,2021-05-08 15:00:00,Bramall Lane,Sheffield Utd,Crystal Palace,Bramall Ln Sheffield
35,2021-05-08 15:00:00,London Stadium,West Ham,Everton,Queen Elizabeth Olympic Park
35,2021-05-08 15:00:00,Molineux Stadium,Wolves,Brighton,Waterloo Rd Wolverhampton
36,2021-05-11 19:45:00,Amex Stadium,Brighton,West Ham,Village Way Brighton
36,2021-05-11 19:45:00,Turf Moor,Burnley,Leeds,Harry Potts Way Burnley
36,2021-05-11 19:45:00,Goodison Park,Everton,Sheffield Utd,Goodison Rd Liverpool
36,2021-05-11 20:00:00,Old Trafford,Man Utd,Leicester,Sir Matt Busby Way Manchester
36,2021-05-11 20:00:00,The Hawthorns,West Brom,Liverpool,Birmingham Rd West Bromwich
36,2021-05-11 20:00:00,Selhurst Park,Crystal Palace,Aston Villa,Selhurst London
36,2021-05-12 19:45:00,Stamford Bridge,Chelsea,Arsenal,Fulham Rd London
36,2021-05-12 19:45:00,St. James' Park,Newcastle,Man City,Barrack Rd Newcastle
36,2021-05-12 19:45:00,St. Mary's Stadium,Southampton,Fulham,Britannia Rd Southampton
36,2021-05-12 19:45:00,Tottenham Hotspur Stadium,Spurs,Wolves,High Rd London
37,2021-05-15 15:00:00,Amex Stadium,Brighton,Man City,Village Way Brighton
37,2021-05-15 15:00:00,Turf Moor,Burnley,Liverpool,Harry Potts Way Burnley
37,2021-05-15 15:00:00,Stamford Bridge,Chelsea,Leicester,Fulham Rd London
37,2021-05-15 15:00:00,Selhurst Park,Crystal Palace,Arsenal,Selhurst London
37,2021-05-15 15:00:00,Goodison Park,Everton,Wolves,Goodison Rd Liverpool
37,2021-05-15 15:00:00,Old Trafford,Man Utd,Fulham,Sir Matt Busby Way Manchester
37,2021-05-15 15:00:00,St. James' Park,Newcastle,Sheffield Utd,Barrack Rd Newcastle
37,2021-05-15 15:00:00,St. Mary's Stadium,Southampton,Leeds,Britannia Rd Southampton
37,2021-05-15 15:00:00,Tottenham Hotspur Stadium,Spurs,Aston Villa,High Rd London
37,2021-05-15 15:00:00,The Hawthorns,West Brom,West Ham,Birmingham Rd West Bromwich
38,2021-05-23 16:00:00,Emirates Stadium,Arsenal,Brighton,Hornsey Rd London
38,2021-05-23 16:00:00,Villa Park,Aston Villa,Chelsea,Trinity Rd Birmingham
38,2021-05-23 16:00:00,Craven Cottage,Fulham,Newcastle,Stevenage Rd Fulham
38,2021-05-23 16:00:00,Elland Road,Leeds,West Brom,Elland Rd Leeds
38,2021-05-23 16:00:00,King Power Stadium,Leicester,Spurs,Filbert Way Leicester
38,2021-05-23 16:00:00,Anfield,Liverpool,Crystal Palace,Anfield Rd Liverpool
38,2021-05-23 16:00:00,Etihad Stadium,Man City,Everton,Ashton New Rd Manchester
38,2021-05-23 16:00:00,Bramall Lane,Sheffield Utd,Burnley,Bramall Ln Sheffield
38,2021-05-23 16:00:00,London Stadium,West Ham,Southampton,Queen Elizabeth Olympic Park
38,2021-05-23 16:00:00,Molineux Stadium,Wolves,Man Utd,Waterloo Rd Wolverhampton
